x, y, theta, stamp, 
-1.9999421637243318, -0.5000010005283448, 6.857842578122765e-07, 4149000000, 
