x, y, theta, stamp, 
-1.999842610952024, -0.5000011628476319, 4.275174733630623e-05, 1658060000000, 
