x, y, theta, stamp, 
-1.999802223462576, -0.5000012303231368, 5.9820926967102456e-05, 2328661000000, 
